{
  "NLL_min": 13.959053269929187,
  "MLE_log": [
    -4.715126492819888,
    -3.917122233000581,
    -0.5180694012752464,
    -6.648766972476449,
    -5.992226594656377,
    -2.30869931077534,
    -1.3822677999118844,
    -2.308699296220617,
    -1.3929864801921887,
    -2.9906910883756,
    -0.6895576380996219,
    2.106381547868233
  ],
  "profiles": {
    "k_va": [
      [
        -6.215126492819888,
        5167.347566937988
      ],
      [
        -6.027626492819888,
        404.4002252332711
      ],
      [
        -5.840126492819888,
        3874.5654033612454
      ],
      [
        -5.652626492819888,
        2933.9743941925517
      ],
      [
        -5.465126492819888,
        2336.6016146256106
      ],
      [
        -5.277626492819888,
        1538.301731751482
      ],
      [
        -5.090126492819888,
        799.8674943741264
      ],
      [
        -4.902626492819888,
        191.89412938134586
      ],
      [
        -4.715126492819888,
        13.959748590670912
      ],
      [
        -4.527626492819888,
        422.6290658316282
      ],
      [
        -4.340126492819888,
        1882.730351439653
      ],
      [
        -4.152626492819888,
        4996.838267196772
      ],
      [
        -3.9651264928198877,
        10078.690173473107
      ],
      [
        -3.7776264928198877,
        14128.5430969342
      ],
      [
        -3.5901264928198877,
        17326.511070224366
      ],
      [
        -3.4026264928198877,
        21498.590740844487
      ],
      [
        -3.2151264928198877,
        25420.55813922547
      ]
    ],
    "k_off": [
      [
        -2.8822677999118844,
        22.949417187919344
      ],
      [
        -2.6947677999118844,
        22.850417964357817
      ],
      [
        -2.5072677999118844,
        21.798382639623988
      ],
      [
        -2.3197677999118844,
        17.185646004058913
      ],
      [
        -2.1322677999118844,
        19.356912621692466
      ],
      [
        -1.9447677999118844,
        17.999638049357777
      ],
      [
        -1.7572677999118844,
        16.59829384118685
      ],
      [
        -1.5697677999118844,
        15.218048092145308
      ],
      [
        -1.3822677999118844,
        13.959784972018703
      ],
      [
        -1.1947677999118844,
        12.023015560869062
      ],
      [
        -1.0072677999118844,
        12.132256874321232
      ],
      [
        -0.8197677999118844,
        12.821340064173073
      ],
      [
        -0.6322677999118844,
        14.42267970756655
      ],
      [
        -0.4447677999118844,
        16.76737351483132
      ],
      [
        -0.2572677999118844,
        24.33147317628311
      ],
      [
        -0.06976779991188442,
        27.694174364694476
      ],
      [
        0.11773220008811558,
        52.88918849466533
      ]
    ],
    "f_rec": [
      [
        -2.189557638099622,
        34.33508837057031
      ],
      [
        -2.002057638099622,
        92.15967703268063
      ],
      [
        -1.8145576380996218,
        53.645545350191966
      ],
      [
        -1.6270576380996218,
        76.06150916769764
      ],
      [
        -1.4395576380996218,
        28.160695206431058
      ],
      [
        -1.2520576380996218,
        53.82126140977245
      ],
      [
        -1.0645576380996218,
        40.33866150895718
      ],
      [
        -0.8770576380996218,
        16.154303224300374
      ],
      [
        -0.6895576380996219,
        13.959771561074263
      ],
      [
        -0.5020576380996219,
        15.320176866565918
      ],
      [
        -0.3145576380996219,
        71.31365159073201
      ],
      [
        -0.1270576380996219,
        1400.0984976045045
      ],
      [
        0.060442361900378105,
        7799.554627177558
      ],
      [
        0.2479423619003781,
        7820.711189925949
      ],
      [
        0.4354423619003781,
        8971.282736860725
      ],
      [
        0.6229423619003781,
        10034.860375006956
      ],
      [
        0.8104423619003781,
        269.3696037043301
      ]
    ],
    "k_int": [
      [
        -3.808699296220617,
        169.6105470198725
      ],
      [
        -3.621199296220617,
        55.41673965718292
      ],
      [
        -3.433699296220617,
        352.5597122756974
      ],
      [
        -3.246199296220617,
        161.00967324793248
      ],
      [
        -3.058699296220617,
        95.17528949787639
      ],
      [
        -2.871199296220617,
        49.71616863352431
      ],
      [
        -2.683699296220617,
        22.111011719318377
      ],
      [
        -2.496199296220617,
        11.462715957155453
      ],
      [
        -2.308699296220617,
        13.959804065173735
      ],
      [
        -2.121199296220617,
        26.81583225479101
      ],
      [
        -1.9336992962206172,
        15.677838853736379
      ],
      [
        -1.7461992962206172,
        78.44344624322342
      ],
      [
        -1.5586992962206172,
        69.44819832342907
      ],
      [
        -1.3711992962206172,
        78.51418517013346
      ],
      [
        -1.1836992962206172,
        214.8679973625863
      ],
      [
        -0.9961992962206172,
        276.5757588825984
      ],
      [
        -0.8086992962206172,
        346.9470149595619
      ]
    ]
  }
}