parameter,truth,CI_lower,CI_upper,status
k_va,0.009,0.008958732779832121,0.008958732779832121,well-identified
k_off,0.25,0.20809349607570357,0.5313853578703757,well-identified
f_rec,0.5,0.5017979962916074,0.605283922225774,well-identified
k_int,0.1,0.08239757301346072,0.14461224423950048,well-identified
