t_day,t_h,Cv_true_nM,TO_true,Cv_obs_nM,TO_obs
0.5,12.0,9.636355963420383,0.14233338586570282,10.08703148112239,0.1357392416923967
1.0,24.0,8.548823786581108,0.23820378506439654,7.314042194595198,0.23760422598157296
2.0,48.0,6.7319133696119025,0.3293255515917834,7.534007367498057,0.28977077833351
5.0,120.0,3.2980973389923336,0.30219288195347105,3.7978322586627913,0.3448036731427144
14.0,336.0,0.38767749273399565,0.03175563057220387,0.28931570924507216,0.03568530005372354
30.0,720.0,0.008527461585849078,0.0006346051413507675,0.007014397374103721,0.0006409218851597437
60.0,1440.0,6.6390910194304065e-06,4.932334468896844e-07,6.767631137974554e-06,1e-06
